{"features": ["RSI", "MACD", "MACD_hist", "Signal_Line", "ATR", "Volatility", "NATR", "MOM", "ROC", "ADX", "PLUS_DI", "MINUS_DI", "OBV", "BB_upper", "BB_lower", "Price_to_EMA50", "EMA_ratio"], "cv_results": {"mse": 1.6073737732811008e-05, "rmse": 0.003991902263633304, "mae": 0.002849123704120844, "r2": -0.1392529100138174, "direction_accuracy": 51.061590145576716}, "timestamp": "2025-05-10T15:49:07.552524"}